<manifest alg="2" build="2018.0.0.379" opt="false" iceEnabled="true" iceMarkupVersion="2" iceEnabledOptions="link,responsive,cachebuster,textStyling" exportTarget="other" domain="delinanzri.github.io" resolutions="1x" timestamp="1632943323396">
  <folder name="css">
    <file name="site_global.css" crc="3896084477"/>
    <file name="cv.css" crc="3993197301" ref="cv"/>
    <file name="index.css" crc="4189660606" ref="index"/>
  </folder>
  <folder name="assets">
    <file name="photo_2021-09-27-21-socialbook-preview.png" crc="4244683560" seo="true" mt="1632770845000"/>
  </folder>
  <folder name="scripts">
    <file name="jquery-1.8.3.min.js" crc="209076791" ref="index:cv"/>
    <file name="museutils.js" crc="3803043152" ref="index:cv"/>
    <file name="whatinput.js" crc="86476730" ref="index:cv"/>
    <file name="museconfig.js" crc="380897831" ref="index:cv"/>
    <file name="jquery.watch.js" crc="99325471" ref="index:cv"/>
    <file name="webpro.js" crc="242022427" ref="index:cv"/>
    <file name="musewpdisclosure.js" crc="119288625" ref="index:cv"/>
    <file name="require.js" crc="4157109226" ref="index:cv"/>
  </folder>
  <folder name="images">
    <file name="blank.gif" crc="4208392903" ref="index"/>
  </folder>
  <file name="index.html" crc="4131534901" seo="true" mt="1632940057171" redirect="true"/>
  <file name="cv.html" crc="253258584" seo="true" mt="1632939640071" redirect="true"/>
</manifest>